dataset_id,dataset_name,country,basin,product,domain,migration,file_name,format,size_bytes,size_human,size_method,n_files,dims,sample_rate_ms,has_labels,label_type,label_format,label_source,ancillary,license,license_spdx,commercial_ok,redistribution_ok,attribution_required,share_alike,ml_training_ok,usage_basis,access,url,verified,ml_ready,notes
parihaka-3d,Parihaka 3D,NZ,Taranaki,full stack,post-stack,PSTM,Parihaka_PSTM_full_angle.sgy,SEG-Y,5099455344,5.10 GB,HEAD,1,1038162 traces x 1168 samples (3.501 s),3,no,,,,none bundled,Free public release; acknowledge New Zealand Petroleum & Minerals (Crown Minerals Act open-file),,yes,unclear,yes,unclear,unclear,licence-text,open-download,https://s3.amazonaws.com/open.source.geoscience/open_data/newzealand/Taranaiki_Basin/PARIHAKA-3D/Parihaka_PSTM_full_angle.sgy,yes,4,"Anisotropic Kirchhoff PSTM. Geometry read from the SEG-Y binary header by HTTP range request (fmt 1 IBM float, 3000 us sample interval). Bucket LISTING is denied (AccessDenied) but objects are public and return 200 - the key must be exact. Labels ship separately (see parihaka-facies-* rows)."
parihaka-3d,Parihaka 3D,NZ,Taranaki,angle stack (near),post-stack,PSTM,Parihaka_PSTM_near_stack.sgy,SEG-Y,5099504464,5.10 GB,HEAD,1,1038172 traces x 1168 samples (3.501 s),3,no,,,,none bundled,Free public release; acknowledge New Zealand Petroleum & Minerals (Crown Minerals Act open-file),,yes,unclear,yes,unclear,unclear,licence-text,open-download,https://s3.amazonaws.com/open.source.geoscience/open_data/newzealand/Taranaiki_Basin/PARIHAKA-3D/Parihaka_PSTM_near_stack.sgy,yes,4,"Anisotropic Kirchhoff PSTM. Geometry read from the SEG-Y binary header by HTTP range request (fmt 1 IBM float, 3000 us sample interval). Bucket LISTING is denied (AccessDenied) but objects are public and return 200 - the key must be exact. Labels ship separately (see parihaka-facies-* rows)."
parihaka-3d,Parihaka 3D,NZ,Taranaki,angle stack (mid),post-stack,PSTM,Parihaka_PSTM_mid_stack.sgy,SEG-Y,5099504464,5.10 GB,HEAD,1,1038172 traces x 1168 samples (3.501 s),3,no,,,,none bundled,Free public release; acknowledge New Zealand Petroleum & Minerals (Crown Minerals Act open-file),,yes,unclear,yes,unclear,unclear,licence-text,open-download,https://s3.amazonaws.com/open.source.geoscience/open_data/newzealand/Taranaiki_Basin/PARIHAKA-3D/Parihaka_PSTM_mid_stack.sgy,yes,4,"Anisotropic Kirchhoff PSTM. Geometry read from the SEG-Y binary header by HTTP range request (fmt 1 IBM float, 3000 us sample interval). Bucket LISTING is denied (AccessDenied) but objects are public and return 200 - the key must be exact. Labels ship separately (see parihaka-facies-* rows)."
parihaka-3d,Parihaka 3D,NZ,Taranaki,angle stack (far),post-stack,PSTM,Parihaka_PSTM_far_stack.sgy,SEG-Y,5099504464,5.10 GB,HEAD,1,1038172 traces x 1168 samples (3.501 s),3,no,,,,none bundled,Free public release; acknowledge New Zealand Petroleum & Minerals (Crown Minerals Act open-file),,yes,unclear,yes,unclear,unclear,licence-text,open-download,https://s3.amazonaws.com/open.source.geoscience/open_data/newzealand/Taranaiki_Basin/PARIHAKA-3D/Parihaka_PSTM_far_stack.sgy,yes,4,"Anisotropic Kirchhoff PSTM. Geometry read from the SEG-Y binary header by HTTP range request (fmt 1 IBM float, 3000 us sample interval). Bucket LISTING is denied (AccessDenied) but objects are public and return 200 - the key must be exact. Labels ship separately (see parihaka-facies-* rows)."
parihaka-facies-zenodo,Parihaka Annotated Seismic Dataset (slices),NZ,Taranaki,facies labels,post-stack,PSTM,PARIHAKA_PARTITIONED.zip,ZIP,928368066,928.37 MB,api,1,inlines 781x1006; crosslines 590x1006,3,yes,facies,8-bit grayscale PNG masks paired with RGB TIFF seismic slices,"Zenodo 10.5281/zenodo.13994329, derived from the SEG/AICrowd 2020 Parihaka facies challenge; data courtesy NZP&M",pre-partitioned train/test slices,CC BY 4.0,CC-BY-4.0,yes,yes,yes,no,yes,spdx,open-download,https://zenodo.org/records/13994329,yes,5,"Slice-wise (2D) Parihaka facies labels, already partitioned. Sizes from the Zenodo REST API. Pair with the Parihaka SEG-Y rows for the full 3D cube."
parihaka-facies-npy,Parihaka facies + boundary labels (3D npy),NZ,Taranaki,facies labels,post-stack,PSTM,parihaka_dataset.npy; parihaka_facies.npy; parihaka_boundaries.npy,npy,4177334904,4.18 GB,api,3,,3,yes,facies; facies boundary,"3D numpy arrays, label cube co-registered with the seismic cube","Zenodo 10.5281/zenodo.18988527 compilation (F3 + Parihaka + Penobscot), re-standardised from published sources",seismic cube shipped alongside labels,CC BY 4.0,CC-BY-4.0,yes,yes,yes,no,yes,spdx,open-download,https://zenodo.org/records/18988527,yes,5,"Bytes = parihaka_dataset.npy 1,856,593,248 + parihaka_facies.npy 1,856,593,248 + parihaka_boundaries.npy 464,148,408. True 3D label volume (not slices) - the easiest Parihaka supervised-segmentation start."
opunake-3d,Opunake 3D,NZ,Taranaki,full stack,post-stack,PSTM,OPUNAKE3D-PR3461-FS.3D.Final_Stack.sgy,SEG-Y,10402944680,10.40 GB,HEAD,1,"1,666,070 traces x 1501 samples (6.000 s)",4,no,,,,none bundled,Free public release; acknowledge New Zealand Petroleum & Minerals (Crown Minerals Act open-file),,yes,unclear,yes,unclear,unclear,licence-text,open-download,https://s3.amazonaws.com/open.source.geoscience/open_data/newzealand/Taranaiki_Basin/OPUNAKE-3D/OPUNAKE3D-PR3461-FS.3D.Final_Stack.sgy,yes,4,215 km2 southern Taranaki. Largest single free NZ S3 volume. Geometry from the SEG-Y binary header via range request.
kerry-3d,Kerry 3D,NZ,Taranaki,full stack,post-stack,PSTM,Kerry3D.segy,SEG-Y,1107042960,1.11 GB,HEAD,1,287 inlines x 735 crosslines x 1252 samples (5.004 s),4,no,,,,none bundled,Free public release; acknowledge New Zealand Petroleum & Minerals (Crown Minerals Act open-file),,yes,unclear,yes,unclear,unclear,licence-text,open-download,https://s3.amazonaws.com/open.source.geoscience/open_data/newzealand/Taranaiki_Basin/Keri_3D/Kerry3D.segy,yes,4,"Note the misspelled 'Keri_3D' prefix in the S3 key - the correctly spelled path 403s. 287x735=210,945 traces confirms the inline/crossline split arithmetically. Heavily used in fault-network papers."
waihapa-3d,Waihapa 3D,NZ,Taranaki (onshore),full stack,post-stack,time,,SEG-Y,,,,1,,,no,,,,,Free public release; acknowledge New Zealand Petroleum & Minerals (Crown Minerals Act open-file),,yes,unclear,yes,unclear,unclear,licence-text,open-request,https://geodata.nzpam.govt.nz/,no,2,SIZE DELIBERATELY EMPTY - not verified. Listed on SEG Wiki as an open NZ 3D but no S3 key was ever discovered: the open.source.geoscience bucket denies listing and five candidate key spellings all returned 403. wiki.seg.org is Cloudflare-blocked to automation. Orderable free from NZP&M instead. Do not guess a URL.
maui-3d,Maui 3D,NZ,Taranaki (offshore),full stack,post-stack,time,,SEG-Y,,,,1,,,no,,,,full well suite - NZ's most-drilled field; pre-stack orderable separately,Free public release; acknowledge New Zealand Petroleum & Minerals (Crown Minerals Act open-file),,yes,unclear,yes,unclear,unclear,licence-text,open-registration,https://geodata.nzpam.govt.nz/,no,2,"SIZE EMPTY - not measured. Not on the public S3 mirror; only via the NZP&M GOLD/Geodata portal, which needs a RealMe login. Portal states 10s of GB for stacks and 100s of GB for pre-stack but publishes no per-file byte counts."
nzpam-datapack,NZP&M Petroleum Exploration Data Pack,NZ,all NZ basins,project bundle,post-stack,n/a,,SEG-Y; LAS; project files,,,,1,"475,000 line-km 2D; >24,000 km2 3D; 1,044 wells (671 LAS composites)",,partial,horizon,interpretation projects,operator-submitted open-file interpretations,"1,044 wells, interpretation projects",Free public release; acknowledge New Zealand Petroleum & Minerals (Crown Minerals Act open-file),,yes,unclear,yes,unclear,unclear,licence-text,open-download,https://www.nzpam.govt.nz/maps-geoscience/petroleum-datapack,yes,2,SIZE EMPTY - NZP&M publishes no aggregate byte figure. Multi-TB; ships on portable HDD for NZ$250 or free bulk pull via Azure Storage Explorer. The single biggest NZ archive; awkward bulk access is why ml_ready is 2.
poseidon-3d-mdio,"Poseidon 3D (TGS AWS Open Data, MDIO)",AU,Browse,full stack,post-stack,PSTM,full_stack_agc.mdio/**,zarr/MDIO,36796513953,36.80 GB,listing,14116,,,no,,,,decimated stacking velocities elsewhere in bucket,CC BY 4.0 (AWS Open Data registry); courtesy ConocoPhillips Australia and Geoscience Australia,CC-BY-4.0,yes,yes,yes,no,yes,spdx,open-download,https://tgs-opendata-poseidon.s3.amazonaws.com/index.html,yes,4,"MEASURED THIS PASS by full paginated S3 ListObjectsV2 - the bucket IS listable anonymously. This corrects an earlier '~40-50 GB whole bucket' estimate: the four stacks alone are 202.11 GB. Chunked zarr store, so n_files is the object count, not one file. Pull with s3://tgs-opendata-poseidon (us-west-2) or the mdio-python reader. full_stack is AGC-scaled."
poseidon-3d-mdio,"Poseidon 3D (TGS AWS Open Data, MDIO)",AU,Browse,angle stack (near),post-stack,PSTM,near_stack.mdio/**,zarr/MDIO,55226638954,55.23 GB,listing,14116,,,no,,,,decimated stacking velocities elsewhere in bucket,CC BY 4.0 (AWS Open Data registry); courtesy ConocoPhillips Australia and Geoscience Australia,CC-BY-4.0,yes,yes,yes,no,yes,spdx,open-download,https://tgs-opendata-poseidon.s3.amazonaws.com/index.html,yes,4,"MEASURED THIS PASS by full paginated S3 ListObjectsV2 - the bucket IS listable anonymously. This corrects an earlier '~40-50 GB whole bucket' estimate: the four stacks alone are 202.11 GB. Chunked zarr store, so n_files is the object count, not one file. Pull with s3://tgs-opendata-poseidon (us-west-2) or the mdio-python reader. full_stack is AGC-scaled."
poseidon-3d-mdio,"Poseidon 3D (TGS AWS Open Data, MDIO)",AU,Browse,angle stack (mid),post-stack,PSTM,mid_stack.mdio/**,zarr/MDIO,54993132124,54.99 GB,listing,14116,,,no,,,,decimated stacking velocities elsewhere in bucket,CC BY 4.0 (AWS Open Data registry); courtesy ConocoPhillips Australia and Geoscience Australia,CC-BY-4.0,yes,yes,yes,no,yes,spdx,open-download,https://tgs-opendata-poseidon.s3.amazonaws.com/index.html,yes,4,"MEASURED THIS PASS by full paginated S3 ListObjectsV2 - the bucket IS listable anonymously. This corrects an earlier '~40-50 GB whole bucket' estimate: the four stacks alone are 202.11 GB. Chunked zarr store, so n_files is the object count, not one file. Pull with s3://tgs-opendata-poseidon (us-west-2) or the mdio-python reader. full_stack is AGC-scaled."
poseidon-3d-mdio,"Poseidon 3D (TGS AWS Open Data, MDIO)",AU,Browse,angle stack (far),post-stack,PSTM,far_stack.mdio/**,zarr/MDIO,55094310550,55.09 GB,listing,14116,,,no,,,,decimated stacking velocities elsewhere in bucket,CC BY 4.0 (AWS Open Data registry); courtesy ConocoPhillips Australia and Geoscience Australia,CC-BY-4.0,yes,yes,yes,no,yes,spdx,open-download,https://tgs-opendata-poseidon.s3.amazonaws.com/index.html,yes,4,"MEASURED THIS PASS by full paginated S3 ListObjectsV2 - the bucket IS listable anonymously. This corrects an earlier '~40-50 GB whole bucket' estimate: the four stacks alone are 202.11 GB. Chunked zarr store, so n_files is the object count, not one file. Pull with s3://tgs-opendata-poseidon (us-west-2) or the mdio-python reader. full_stack is AGC-scaled."
poseidon-3d-mdio,"Poseidon 3D (TGS AWS Open Data, MDIO)",AU,Browse,project bundle,post-stack,PSTM,(whole bucket),zarr/MDIO,202110633264,202.11 GB,listing,56465,,,no,,,,4 stacks + index.html,CC BY 4.0 (AWS Open Data registry); courtesy ConocoPhillips Australia and Geoscience Australia,CC-BY-4.0,yes,yes,yes,no,yes,spdx,open-download,https://registry.opendata.aws/tgs-opendata-poseidon/,yes,4,"ROLLUP ROW - sum of the four stack rows above plus index.html (37,683 B); do not double-count when totalling. 56,465 objects, 202,110,633,264 bytes, measured by exhaustive ListObjectsV2 pagination on 2026-08-24. ~2,900 km2 NW Shelf."
poseidon-3d-terranubis,Poseidon 3D (TerraNubis OpendTect project),AU,Browse,full stack,post-stack,PSTM,Poseidon_3D.zip,ZIP (OpendTect .cbvs; 32-bit SEG-Y originals available separately),,13.2 GB download / 22.1 GB uncompressed,published,1,,,no,,,,10 wells with time-depth models (constant 2500 m/s),CC BY 3.0 AU (Creative Commons 3.0); acknowledge dGB Earth Sciences and the TerraNubis portal,CC-BY-3.0-AU,yes,yes,yes,no,yes,licence-text,open-registration,https://terranubis.com/datainfo/NW-Shelf-Australia-Poseidon-3D,yes,3,"size_bytes EMPTY ON PURPOSE - TerraNubis download URLs are session-gated (a bare curl of /download/<x>.zip/2 returns a 96-byte stub), so only the portal-published GB figure is defensible and it must not be written as an exact byte count. Near/mid/far are 8-bit requantised. For byte-exact Poseidon use the MDIO rows instead."
poseidon-3d-terranubis,Poseidon 3D (TerraNubis OpendTect project),AU,Browse,angle stack (near),post-stack,PSTM,Poseidon_3D_NearStack_8bit.zip,ZIP (OpendTect .cbvs; 32-bit SEG-Y originals available separately),,10.7 GB download,published,1,,,no,,,,none,CC BY 3.0 AU (Creative Commons 3.0); acknowledge dGB Earth Sciences and the TerraNubis portal,CC-BY-3.0-AU,yes,yes,yes,no,yes,licence-text,open-registration,https://terranubis.com/datainfo/NW-Shelf-Australia-Poseidon-3D,yes,3,"size_bytes EMPTY ON PURPOSE - TerraNubis download URLs are session-gated (a bare curl of /download/<x>.zip/2 returns a 96-byte stub), so only the portal-published GB figure is defensible and it must not be written as an exact byte count. Near/mid/far are 8-bit requantised. For byte-exact Poseidon use the MDIO rows instead."
poseidon-3d-terranubis,Poseidon 3D (TerraNubis OpendTect project),AU,Browse,angle stack (mid),post-stack,PSTM,Poseidon_3D_MidStack_8bit.zip,ZIP (OpendTect .cbvs; 32-bit SEG-Y originals available separately),,9.6 GB download,published,1,,,no,,,,none,CC BY 3.0 AU (Creative Commons 3.0); acknowledge dGB Earth Sciences and the TerraNubis portal,CC-BY-3.0-AU,yes,yes,yes,no,yes,licence-text,open-registration,https://terranubis.com/datainfo/NW-Shelf-Australia-Poseidon-3D,yes,3,"size_bytes EMPTY ON PURPOSE - TerraNubis download URLs are session-gated (a bare curl of /download/<x>.zip/2 returns a 96-byte stub), so only the portal-published GB figure is defensible and it must not be written as an exact byte count. Near/mid/far are 8-bit requantised. For byte-exact Poseidon use the MDIO rows instead."
poseidon-3d-terranubis,Poseidon 3D (TerraNubis OpendTect project),AU,Browse,angle stack (far),post-stack,PSTM,Poseidon_3D_FarStack_8bit.zip,ZIP (OpendTect .cbvs; 32-bit SEG-Y originals available separately),,7.4 GB download,published,1,,,no,,,,none,CC BY 3.0 AU (Creative Commons 3.0); acknowledge dGB Earth Sciences and the TerraNubis portal,CC-BY-3.0-AU,yes,yes,yes,no,yes,licence-text,open-registration,https://terranubis.com/datainfo/NW-Shelf-Australia-Poseidon-3D,yes,3,"size_bytes EMPTY ON PURPOSE - TerraNubis download URLs are session-gated (a bare curl of /download/<x>.zip/2 returns a 96-byte stub), so only the portal-published GB figure is defensible and it must not be written as an exact byte count. Near/mid/far are 8-bit requantised. For byte-exact Poseidon use the MDIO rows instead."
poseidon-3d-terranubis,Poseidon 3D (TerraNubis OpendTect project),AU,Browse,well logs,non-seismic,n/a,(bundled inside Poseidon_3D.zip),OpendTect well objects,,,,10,,,no,,,,Kronos 1; Pharos 1; Poseidon 1; Poseidon 2; Poseidon North 1; Proteus 1 (+ sidetracks); Torosa 1 - with time-depth models,CC BY 3.0 AU (Creative Commons 3.0); acknowledge dGB Earth Sciences and the TerraNubis portal,CC-BY-3.0-AU,yes,yes,yes,no,yes,licence-text,open-registration,https://terranubis.com/datainfo/NW-Shelf-Australia-Poseidon-3D,yes,3,"The 10 wells ship inside the main project zip, not as a separate download, so no independent byte count exists. Time-depth uses a constant 2500 m/s - do NOT treat it as a calibrated checkshot. Raw well data via NOPIMS."
poseidon-3d-mdio,Poseidon 3D - stacking velocities,AU,Browse,velocity volume,post-stack,PSTM,(decimated stacking velocities),zarr/MDIO,,,,1,,,no,,,,,CC BY 4.0 (AWS Open Data registry); courtesy ConocoPhillips Australia and Geoscience Australia,CC-BY-4.0,yes,yes,yes,no,yes,spdx,open-download,https://registry.opendata.aws/tgs-opendata-poseidon/,no,3,"SIZE EMPTY - the AWS registry description mentions decimated stacking velocities, but the exhaustive bucket listing performed for this inventory found only the four *_stack*.mdio prefixes plus index.html. Either the velocities sit inside a stack store or they are not in this bucket. Do not cite a velocity key until one is confirmed."
f3-demo-2023,F3 Demo 2023,NL,Dutch North Sea (block F3),project bundle,post-stack,time,F3_Demo_2023.zip,ZIP (OpendTect project),,4.5 GB download / 7.6 GB uncompressed,published,1,"inline 100-750, crossline 300-1250, Z 0-1.848 s; 386.92 km2; 25 m x 25 m bins",4,partial,horizon; chimney,8 interpreted OpendTect horizons plus a ChimneyCube probability volume,dGB Earth Sciences interpretation; original seismic NAM via NLOG,"4 wells (F02-1, F03-2, F03-4, F06-1) with density/sonic/GR/porosity/P-impedance/Vp/Vs/litholog; 8 horizons; interval and RMS velocity models; 15 volumes incl. 2 steering cubes, dip-steered median filter, 2 AI cubes, porosity, gamma, 4 similarity/fault-enhancement; 10 2D lines",CC BY 3.0 AU (Creative Commons 3.0); acknowledge dGB Earth Sciences and the TerraNubis portal,CC-BY-SA-3.0,yes,yes,yes,no,yes,licence-text,open-registration,https://terranubis.com/datainfo/F3-Demo-2023,yes,4,"size_bytes EMPTY - TerraNubis downloads are session-gated so only published GB figures are defensible. The world's default open 3D; runs in OpendTect Pro and commercial plugins without licence keys. Horizons are interpretation, not ML segmentation labels - for those use the f3-facies rows."
f3-complete-legacy,F3 Complete (legacy dGB OSR packaging),NL,Dutch North Sea (block F3),project bundle,post-stack,time,NetherlandsOffshoreF3BlockComplete4GB,ZIP (OpendTect project),,~4 GB,published,1,,4,partial,horizon,OpendTect horizons,dGB Earth Sciences,wells plus horizons (Complete packaging only),CC BY-SA 3.0,CC-BY-SA-3.0,yes,yes,yes,yes,yes,spdx,open-registration,https://terranubis.com/datainfo/F3-Demo-2023,yes,3,"The 4GB figure is embedded in the legacy URL name, not measured. http://www.opendtect.org/osr/Main/NetherlandsOffshoreF3BlockComplete4GB now redirects to the TerraNubis F3 Demo 2023 page (verified) - the legacy OSR host no longer serves files. Superseded by F3 Demo 2023."
f3-seismic-only-legacy,F3 Seismic Only (legacy dGB OSR packaging),NL,Dutch North Sea (block F3),full stack,post-stack,time,NetherlandsOffshoreF3BlockSeismicOnly494MB,ZIP (OpendTect project),,494 MB,published,1,,4,no,,,,none,CC BY-SA 3.0,CC-BY-SA-3.0,yes,yes,yes,yes,yes,spdx,open-registration,https://terranubis.com/datainfo/F3-Demo-2023,yes,3,"The useful fact is the 494 MB figure: the bare F3 amplitude cube is under half a gigabyte, so an F3-only pretraining corpus is cheap. Size is from the legacy URL name, not measured; the URL now redirects to TerraNubis."
f3-facies-benchmark,F3 Facies Classification Benchmark (OLIVES / Georgia Tech),NL,Dutch North Sea (block F3),facies labels,post-stack,time,data.zip,ZIP of npy,1051449986,1.05 GB,api,1,train + test1 + test2 seismic/label cube pairs,4,yes,facies (6 classes),"numpy .npy label cubes co-registered with .npy seismic cubes (train_labels, test1_labels, test2_labels)","Alaudah, Michalowicz, Alfarraj and AlRegib, A Machine Learning Benchmark for Facies Classification, SEG Interpretation 2019; Zenodo 10.5281/zenodo.3755060","raw.zip 1,084,578,002 B and logs.zip 112,229 B are separate downloads in the same record",MIT (per the Zenodo record and the code repo),MIT,yes,yes,yes,no,yes,spdx,open-download,https://zenodo.org/records/3755060,yes,5,"THE reference open facies benchmark - a 3D geological model of F3 built from well logs and seismic, with a published train/test split so results are comparable. Code: github.com/olivesgatech/facies_classification_benchmark. md5 of data.zip is bc5932279831a95c0b244fd765376d85. Sizes from the Zenodo REST API."
f3-facies-npy,F3 facies + boundary labels (3D npy compilation),NL,Dutch North Sea (block F3),facies labels,post-stack,time,f3_dataset.npy; f3_facies.npy; f3_boundaries.npy,npy,1716148356,1.72 GB,api,3,,4,yes,facies; facies boundary,3D numpy arrays,Zenodo 10.5281/zenodo.18988527 compilation,seismic cube ships with the labels,CC BY 4.0,CC-BY-4.0,yes,yes,yes,no,yes,spdx,open-download,https://zenodo.org/records/18988527,yes,5,"Bytes = f3_dataset.npy 1,144,098,776 + f3_facies.npy 286,024,790 + f3_boundaries.npy 286,024,790. Adds facies-BOUNDARY labels, which the original OLIVES benchmark does not have - useful for edge-aware segmentation losses."
landmass,LANDMASS (F3 seismic structure patch labels),NL,Dutch North Sea (block F3),facies labels,post-stack,time,(LANDMASS-1 and LANDMASS-2 patch sets),HDF5/image patches,2325243284,2.33 GB,api,1,,,yes,"structure class (horizon, chaotic, fault, salt dome)",labelled 2D image patches extracted from the F3 cube,"OLIVES lab, Georgia Tech; Zenodo 10.5281/zenodo.3901644",none,CC BY-SA 3.0,CC-BY-SA-3.0,yes,yes,yes,yes,yes,spdx,open-download,https://zenodo.org/records/3901644,yes,5,"Patch-level (classification, not segmentation) labels on F3 - the standard benchmark for seismic structure CLASSIFICATION as distinct from facies segmentation, and one of the few open sources of FAULT and SALT DOME class labels on real field data. Size from the Zenodo API. Share-alike: derivative datasets must carry CC BY-SA."
adasemseg-facies,"AdaSemSeg processed facies datasets (F3, Parihaka, Penobscot)",MULTI,Dutch North Sea; Taranaki; Scotian Shelf,facies labels,post-stack,time,F3_data.zip; Parihaka_data.zip; Penobscot_data.zip,ZIP,2553842528,2.55 GB,api,3,,,yes,facies,pre-split seismic/label pairs ready for few-shot semantic segmentation,"Saha and Whitaker, AdaSemSeg: An Adaptive Few-Shot Semantic Segmentation of Seismic Facies, IEEE TGRS 2025 (10.1109/TGRS.2025.3595010); Zenodo 10.5281/zenodo.21764042","matching trained-model checkpoints at Zenodo 10.5281/zenodo.21762769 (3,460,258,153 B, CC BY 4.0)",CC BY 4.0,CC-BY-4.0,yes,yes,yes,no,yes,spdx,open-download,https://zenodo.org/records/21764042,yes,5,"Bytes = F3_data.zip 1,050,309,306 + Parihaka_data.zip 449,881,742 + Penobscot_data.zip 1,053,651,480. The most convenient cross-survey facies package: three surveys, one preprocessing convention, published splits, plus released checkpoints. Ideal for domain-transfer experiments."
penobscot-3d,Penobscot 3D (TerraNubis project),CA,Scotian Shelf,project bundle,pre-stack,PSTM,Penobscot.zip,ZIP (OpendTect project),,8.7 GB download / 12.4 GB uncompressed,published,1,,,partial,horizon,5 interpreted OpendTect horizons,dGB Earth Sciences,"stacking velocities; wells B-41 and L-30 with logs, markers and time-depth models; 5 horizons; dip-steering volumes; NMO-migrated gathers AND conditioned angle gathers",CC BY-SA 3.0,CC-BY-SA-3.0,yes,yes,yes,yes,yes,spdx,open-registration,https://terranubis.com/datainfo/Penobscot,yes,4,size_bytes EMPTY - session-gated download. The best F3 alternative and strictly better for pre-stack: one of very few open 3Ds shipping migrated gathers AND angle gathers AND velocities AND wells. Pair with the Baroni Zenodo label rows for a complete supervised setup.
penobscot-3d-prestack,Penobscot 3D full pre-stack (legacy dGB OSR),CA,Scotian Shelf,pre-stack gather (CDP),pre-stack,PSTM,PENOBSCOT3DSABLEISLAND,SEG-Y,,101 GB,published,1,,,no,,,,as per the TerraNubis project,CC BY-SA 3.0,CC-BY-SA-3.0,yes,yes,yes,yes,yes,spdx,open-request,http://www.opendtect.org/osr/Main/PENOBSCOT3DSABLEISLAND,no,2,SIZE EMPTY as bytes - 101 GB is a published figure only. The legacy OSR URL now redirects to TerraNubis and no direct 101 GB download path was confirmed this pass. Use only if the 8.7 GB conditioned subset is genuinely insufficient; contact dGB for media.
penobscot-labels-baroni,"Penobscot Interpretation Dataset (Baroni et al. 2020, v3.0.0)",CA,Scotian Shelf,facies labels,post-stack,PSTM,dataset.h5,HDF5,2268562702,2.27 GB,api,1,"crosslines 289 train / 192 test slices; inlines 358 train / 238 test slices; >100,000 labelled images",,yes,facies (7 classes),"HDF5 image/mask records; 16,706 train / 1,000 test records per class (crosslines), 14,988 / 1,000 (inlines)","Baroni, Silva, Ferreira, Chevitarese, Szwarcman and Vital Brazil, DOI 10.5281/zenodo.3924682",horizons.zip (7 reinterpreted horizons) is a separate row,CC BY 4.0,CC-BY-4.0,yes,yes,yes,no,yes,spdx,open-download,https://zenodo.org/records/3924682,yes,5,"EXACT size from the Zenodo REST API (2,268,562,702 B - the commonly quoted 2.3 GB rounds this). The reference labelled companion to Penobscot. Reference implementation: IBM rockml. Whole record is 2,316,061,505 B across 5 files."
penobscot-labels-baroni,"Penobscot Interpretation Dataset (Baroni et al. 2020, v3.0.0)",CA,Scotian Shelf,horizon set,post-stack,PSTM,horizons.zip,ZIP,36213721,36.21 MB,api,1,,,yes,horizon,7 reinterpreted horizons,"Baroni et al. 2020, DOI 10.5281/zenodo.3924682",,CC BY 4.0,CC-BY-4.0,yes,yes,yes,no,yes,spdx,open-download,https://zenodo.org/records/3924682,yes,5,"The horizons the 7 facies classes were derived from - needed to regenerate or modify the labelling. Companion files in the same record: how-to-read.ipynb 633,270 B, penobscot-examples.png 10,649,865 B, dataset-log.txt 1,947 B."
penobscot-facies-npy,Penobscot facies + boundary labels (3D npy compilation),CA,Scotian Shelf,facies labels,post-stack,PSTM,penobscot_dataset.npy; penobscot_facies.npy; penobscot_boundaries.npy,npy,2603463870,2.60 GB,api,3,,,yes,facies; facies boundary,3D numpy arrays,"Zenodo 10.5281/zenodo.18988527 compilation, re-standardised from Baroni et al.",seismic cube ships with the labels,CC BY 4.0,CC-BY-4.0,yes,yes,yes,no,yes,spdx,open-download,https://zenodo.org/records/18988527,yes,5,"Bytes = penobscot_dataset.npy 1,735,642,452 + penobscot_facies.npy 433,910,709 + penobscot_boundaries.npy 433,910,709. 3D arrays rather than HDF5 slice records, which suits volumetric models better than Baroni's original packaging."
volve-osdu,Volve (OSDU open test-data S3 mirror),NO,Norwegian North Sea (block 15/9),pre-stack gather (CIP),pre-stack,PSDM,ST0202R08_PZ_PrSDM_CIP_gathers_in_PP_Time.segy,SEG-Y,20311496528,20.31 GB,HEAD,1,,,no,,,,"see the horizons, faults, welllogs and checkshots rows in this dataset","Equinor Open Data Licence (study, research and development permitted for academic institutions, students and researchers; OSDU repo tooling itself is Apache-2.0)",,no,unclear,yes,unclear,unclear,licence-text,open-download,https://s3.amazonaws.com/osdu-seismic-test-data/volve/seismic/st0202/prestacks/ST0202R08_PZ_PrSDM_CIP_gathers_in_PP_Time.segy,yes,4,"THE prize of open pre-stack: 18.92 GiB of PSDM CIP gathers in PP time that you can curl in one command, no account, no Azure. Verified Content-Length 20311496528 on a plain anonymous HTTPS HEAD. Bucket is anonymously listable (?list-type=2). commercial_ok=no because the Equinor licence scopes use to study, research and development."
volve-osdu,Volve (OSDU open test-data S3 mirror),NO,Norwegian North Sea (block 15/9),full stack,post-stack,PSDM,ST0202R08-PS_PSDM_FULL_OFFSET_DEPTH.MIG_FIN.POST_Stack.3D.JS-017534.segy,SEG-Y,895367300,895.37 MB,listing,1,,,no,,,,,"Equinor Open Data Licence (study, research and development permitted for academic institutions, students and researchers; OSDU repo tooling itself is Apache-2.0)",,no,unclear,yes,unclear,unclear,licence-text,open-download,https://s3.amazonaws.com/osdu-seismic-test-data/volve/seismic/st0202/stacks/ST0202R08-PS_PSDM_FULL_OFFSET_DEPTH.MIG_FIN.POST_Stack.3D.JS-017534.segy,yes,4,Full-offset PSDM post-stack in DEPTH - pairs with the raw PP-time stack for a depth/time comparison.
volve-osdu,Volve (OSDU open test-data S3 mirror),NO,Norwegian North Sea (block 15/9),full stack,post-stack,PSDM,ST0202R08_PS_PSDM_RAW_PP_TIME.MIG_RAW.POST_Stack.3D.JS-017534.segy,SEG-Y,277427976,277.43 MB,listing,1,,,no,,,,,"Equinor Open Data Licence (study, research and development permitted for academic institutions, students and researchers; OSDU repo tooling itself is Apache-2.0)",,no,unclear,yes,unclear,unclear,licence-text,open-download,https://s3.amazonaws.com/osdu-seismic-test-data/volve/seismic/st0202/stacks/ST0202R08_PS_PSDM_RAW_PP_TIME.MIG_RAW.POST_Stack.3D.JS-017534.segy,yes,4,Raw (MIG_RAW) PSDM post-stack in PP TIME - the unconditioned counterpart to the FULL_OFFSET_DEPTH stack; useful as a processing-effect target.
volve-osdu,Volve (OSDU open test-data S3 mirror),NO,Norwegian North Sea (block 15/9),velocity volume,post-stack,PSDM,ST10010ZC11_MIG_VEL.MIG_VEL.VELOCITY.3D.JS-017527.segy,SEG-Y,479335024,479.34 MB,listing,1,,,no,,,,,"Equinor Open Data Licence (study, research and development permitted for academic institutions, students and researchers; OSDU repo tooling itself is Apache-2.0)",,no,unclear,yes,unclear,unclear,licence-text,open-download,https://s3.amazonaws.com/osdu-seismic-test-data/volve/seismic/st0202/velocities/TTI_model_2011/ST10010ZC11_MIG_VEL.MIG_VEL.VELOCITY.3D.JS-017527.segy,yes,4,"TTI (tilted transverse isotropy) migration velocity volume, 2011 model. Rare: an open anisotropic migration velocity field that matches an open pre-stack gather set - the pairing that makes Volve usable for FWI/tomography experiments."
volve-osdu,Volve (OSDU open test-data S3 mirror),NO,Norwegian North Sea (block 15/9),full stack,post-stack,PSTM,ST0299-*+MIG_FIN.segy,SEG-Y,430938372,430.94 MB,listing,40,,,no,,,,"ST0299-CMP.p190 navigation (237,136 B) plus 4 per-line p190 files","Equinor Open Data Licence (study, research and development permitted for academic institutions, students and researchers; OSDU repo tooling itself is Apache-2.0)",,no,unclear,yes,unclear,unclear,licence-text,open-download,https://s3.amazonaws.com/osdu-seismic-test-data/volve/seismic/st0299/,yes,4,"40 migrated 2D lines, 12.0-19.1 MB each (largest ST0299-07001 at 19,146,960 B). Total 430,938,372 B measured by exhaustive S3 listing. Good cheap 2D corpus for line-based models; navigation ships as p190."
volve-osdu,Volve (OSDU open test-data S3 mirror),NO,Norwegian North Sea (block 15/9),well logs,non-seismic,n/a,volve/welllogs/*.las,LAS,99320744,99.32 MB,listing,28,,,no,,,,,"Equinor Open Data Licence (study, research and development permitted for academic institutions, students and researchers; OSDU repo tooling itself is Apache-2.0)",,no,unclear,yes,unclear,unclear,licence-text,open-download,https://s3.amazonaws.com/osdu-seismic-test-data/volve/welllogs/,yes,4,"28 LAS files, 99,320,744 B total by S3 listing. These are the logs that make Volve a genuine well-tie / rock-physics dataset rather than just a seismic cube."
volve-osdu,Volve (OSDU open test-data S3 mirror),NO,Norwegian North Sea (block 15/9),horizon set,post-stack,PSDM,volve/horizons/*.dat,ASCII .dat picks,102484196,102.48 MB,listing,7,,,yes,horizon,ASCII pick files on the ST0202R08 PSDM grid,Equinor Volve release via the OSDU open-test-data project,,"Equinor Open Data Licence (study, research and development permitted for academic institutions, students and researchers; OSDU repo tooling itself is Apache-2.0)",,no,unclear,yes,unclear,unclear,licence-text,open-download,https://s3.amazonaws.com/osdu-seismic-test-data/volve/horizons/,yes,4,"7 horizon files (BCU, Balder Fm, Hod Fm, Ty Fm Top, Shetland Gp, plus Hugin Fm top and base in depth), 102,484,196 B. Co-registered with the PSDM stacks, so usable directly as supervision for horizon tracking."
volve-osdu,Volve (OSDU open test-data S3 mirror),NO,Norwegian North Sea (block 15/9),fault labels,post-stack,PSDM,volve/faults/*,ASCII fault sticks,824056,824.06 KB,listing,2,,,yes,fault,fault stick / polyline files,Equinor Volve release via the OSDU open-test-data project,,"Equinor Open Data Licence (study, research and development permitted for academic institutions, students and researchers; OSDU repo tooling itself is Apache-2.0)",,no,unclear,yes,unclear,unclear,licence-text,open-download,https://s3.amazonaws.com/osdu-seismic-test-data/volve/faults/,yes,3,"Only 2 files / 824,056 B - these are interpreter fault sticks, NOT a dense voxel fault mask. Expect to rasterise them yourself before using as segmentation targets, hence ml_ready 3 not 5."
volve-osdu,Volve (OSDU open test-data S3 mirror),NO,Norwegian North Sea (block 15/9),checkshot,non-seismic,n/a,volve/checkshots/*,ASCII,71498,71.50 KB,listing,7,,,no,,,,"volve/markers 7 files 25,342 B; volve/trajectories 2 files 49,324 B; volve/documents 6 files 21,244,348 B","Equinor Open Data Licence (study, research and development permitted for academic institutions, students and researchers; OSDU repo tooling itself is Apache-2.0)",,no,unclear,yes,unclear,unclear,licence-text,open-download,https://s3.amazonaws.com/osdu-seismic-test-data/volve/checkshots/,yes,4,"7 checkshot files. Small but load-bearing: these are what let you tie the LAS logs to the PSDM stacks in time. Markers, trajectories and documents listed under ancillary are separate small prefixes in the same bucket."
volve-osdu,Volve (OSDU open test-data S3 mirror),NO,Norwegian North Sea (block 15/9),project bundle,pre-stack,PSDM,volve/**,SEG-Y; LAS; ASCII,22637514545,22.64 GB,listing,109,,,partial,horizon; fault,ASCII picks and fault sticks,Equinor Volve release via the OSDU open-test-data project,"seismic 49 files 22,413,469,774 B; horizons 7 / 102,484,196 B; welllogs 28 / 99,320,744 B; documents 6 / 21,244,348 B; faults 2 / 824,056 B; checkshots 7 / 71,498 B; trajectories 2 / 49,324 B; markers 7 / 25,342 B","Equinor Open Data Licence (study, research and development permitted for academic institutions, students and researchers; OSDU repo tooling itself is Apache-2.0)",,no,unclear,yes,unclear,unclear,licence-text,open-download,https://s3.amazonaws.com/osdu-seismic-test-data/volve/,yes,4,"ROLLUP ROW for the whole volve/ prefix - 109 objects, 22,637,514,545 B, re-measured by exhaustive ListObjectsV2 pagination this pass. Do not double-count with the per-file volve rows above. Whole bucket (incl. non-Volve prefixes r1/, tno/, nopims/) is 19,092 objects / 23,769,977,002 B."
volve-equinor-full,Volve full release (Equinor archive),NO,Norwegian North Sea (block 15/9),project bundle,pre-stack,PSDM,(whole Volve archive),SEG-Y; LAS; Eclipse; RESQML; documents,,~5 TB,published,40000,,,partial,horizon; fault,interpretation objects inside the static/dynamic models,Equinor,petrophysical and drilling logs; production data; well and completion-string design; geology and stratigraphy; static and dynamic (Eclipse) models; surface and grid data; reports; VSP; 4D,"Equinor Open Data Licence (study, research and development permitted for academic institutions, students and researchers; OSDU repo tooling itself is Apache-2.0)",,no,unclear,yes,unclear,unclear,licence-text,open-registration,https://www.equinor.com/energy/volve-data-sharing,yes,2,"SIZE EMPTY as exact bytes - Equinor publishes only ~5 TB / ~40,000 files, never a byte count. IMPORTANT: the 22.4 GB OSDU mirror is a CURATED SUBSET, not the whole seismic holding - do not conflate them. Delivery is Azure Blob (Azure Storage Explorer) or Databricks Marketplace, hence ml_ready 2 for awkward bulk access. The most complete open field-lifecycle dataset in existence."
teapot-dome,Teapot Dome / NPR-3 (RMOTC),US,"Powder River (Wyoming), land 3D",full stack,post-stack,time,filt_mig.sgy,SEG-Y,404989440,404.99 MB,HEAD,1,188 inlines x 345 crosslines x 1501 samples (3.000 s),2,no,,,,"see the rmotc.tar row - LAS logs, tops, production, GIS, horizons",Public domain (US DOE / RMOTC); SEG Wiki records no usage constraint,,yes,yes,no,no,yes,licence-text,open-download,https://s3.amazonaws.com/teapot/filt_mig.sgy,yes,4,"3D filtered post-stack migration volume. Binary header read by range request: 2000 us sample interval, 1501 samples (3.000 s), IBM float; 64,860 traces = 188 inlines x 345 crosslines, which the arithmetic confirms. Byte-identical mirror at s3.amazonaws.com/open.source.geoscience/open_data/teapot/filt_mig.sgy."
teapot-dome,Teapot Dome / NPR-3 (RMOTC),US,"Powder River (Wyoming), land 3D",pre-stack gather (CDP),pre-stack,unmigrated,npr3_gathers.sgy,SEG-Y,6107591676,6.11 GB,HEAD,1,,,no,,,,"see the rmotc.tar row - LAS logs, tops, production, GIS, horizons",Public domain (US DOE / RMOTC); SEG Wiki records no usage constraint,,yes,yes,no,no,yes,licence-text,open-download,https://s3.amazonaws.com/teapot/npr3_gathers.sgy,yes,4,"Preprocessed CMP gathers at the smooth datum surface. NOTE: reports the same Content-Length as npr3_field.sgy, but the ETags DIFFER (7117261d9083c6aceb5dac28b660ae98-92 vs 46f75afb8c9a4e375ef51bc895094a14-92), so the two files are genuinely different content - this pass resolved that open question."
teapot-dome,Teapot Dome / NPR-3 (RMOTC),US,"Powder River (Wyoming), land 3D",pre-stack gather (shot),pre-stack,unmigrated,npr3_field.sgy,SEG-Y,6107591676,6.11 GB,HEAD,1,,,no,,,,"see the rmotc.tar row - LAS logs, tops, production, GIS, horizons",Public domain (US DOE / RMOTC); SEG Wiki records no usage constraint,,yes,yes,no,no,yes,licence-text,open-download,https://s3.amazonaws.com/teapot/npr3_field.sgy,yes,4,"Unprocessed raw field shot gathers. Same Content-Length as npr3_gathers.sgy but a different ETag (46f75afb8c9a4e375ef51bc895094a14-92), confirming distinct content. Raw shots on a land 3D under public domain are rare."
teapot-dome,Teapot Dome / NPR-3 (RMOTC),US,"Powder River (Wyoming), land 3D",velocity model,post-stack,time,npr3_dmo.vel,ASCII text,27944,27.94 KB,HEAD,1,,,no,,,,,Public domain (US DOE / RMOTC); SEG Wiki records no usage constraint,,yes,yes,no,no,yes,licence-text,open-download,https://s3.amazonaws.com/teapot/npr3_dmo.vel,yes,4,"DMO velocity field as plain text - tiny, but it is what lets you reprocess the gathers to the published image."
teapot-dome,Teapot Dome / NPR-3 (RMOTC),US,"Powder River (Wyoming), land 3D",project bundle,non-seismic,n/a,rmotc.tar,TAR,1777994752,1.78 GB,HEAD,1,,,partial,horizon; formation tops,horizon grids and formation-top tables,RMOTC / US DOE field records,LAS well logs; formation tops; production history; GIS; 3D corner-point coordinates; processing-sequence documents; horizons,Public domain (US DOE / RMOTC); SEG Wiki records no usage constraint,,yes,yes,no,no,yes,licence-text,open-download,https://s3.amazonaws.com/open.source.geoscience/open_data/teapot/rmotc.tar,yes,4,"The support bundle that makes Teapot the reference US ONSHORE INTEGRATED dataset: post-stack + two pre-stack volumes + logs + tops + production history, all public domain. Note this file lives on the open.source.geoscience bucket, NOT the teapot bucket. www.rmotc.doe.gov is dead - these two S3 buckets are the surviving home. Teapot total across all 5 rows = 14,398,195,488 B."
stratton-3d,"Stratton 3D (BEG, UT Austin)",US,"South Texas (Gulf Coast), land 3D",full stack,post-stack,time,segy/processed/Stratton3D_32bit.sgy,SEG-Y,443764680,443.76 MB,HEAD,1,"71,070 traces x 1501 samples (3.000 s)",2,no,,,,,"Distribution authorised 2014 by Bob Hardage (PI) and Scott Tinker (Director, BEG); requires the acknowledgement that the data were collected and made available for worldwide education and training by the Bureau of Economic Geology at the University of Texas at Austin",,yes,unclear,yes,unclear,unclear,licence-text,open-download,https://s3.amazonaws.com/open.source.geoscience/open_data/stratton/segy/processed/Stratton3D_32bit.sgy,yes,4,"Final migrated image, 32-bit. Geometry read from the SEG-Y binary header via HTTP range request. SEG Wiki notes the dataset also includes inversion results."
stratton-3d,"Stratton 3D (BEG, UT Austin)",US,"South Texas (Gulf Coast), land 3D",pre-stack gather (CDP),pre-stack,unmigrated,segy/cdp_gathers/cdpgathers_2-80.sgy,SEG-Y,875441520,875.44 MB,HEAD,1,,,no,,,,,"Distribution authorised 2014 by Bob Hardage (PI) and Scott Tinker (Director, BEG); requires the acknowledgement that the data were collected and made available for worldwide education and training by the Bureau of Economic Geology at the University of Texas at Austin",,yes,unclear,yes,unclear,unclear,licence-text,open-download,https://s3.amazonaws.com/open.source.geoscience/open_data/stratton/segy/cdp_gathers/cdpgathers_2-80.sgy,yes,4,"CMP gathers with NMO applied, split by line range (the numbers in the filename are the line range). All 6 gather files total 4,296,916,440 B (4.00 GiB)."
stratton-3d,"Stratton 3D (BEG, UT Austin)",US,"South Texas (Gulf Coast), land 3D",pre-stack gather (CDP),pre-stack,unmigrated,segy/cdp_gathers/cdpgathers_82-140.sgy,SEG-Y,758730600,758.73 MB,HEAD,1,,,no,,,,,"Distribution authorised 2014 by Bob Hardage (PI) and Scott Tinker (Director, BEG); requires the acknowledgement that the data were collected and made available for worldwide education and training by the Bureau of Economic Geology at the University of Texas at Austin",,yes,unclear,yes,unclear,unclear,licence-text,open-download,https://s3.amazonaws.com/open.source.geoscience/open_data/stratton/segy/cdp_gathers/cdpgathers_82-140.sgy,yes,4,"CMP gathers with NMO applied, split by line range (the numbers in the filename are the line range). All 6 gather files total 4,296,916,440 B (4.00 GiB)."
stratton-3d,"Stratton 3D (BEG, UT Austin)",US,"South Texas (Gulf Coast), land 3D",pre-stack gather (CDP),pre-stack,unmigrated,segy/cdp_gathers/cdpgathers_142-200.sgy,SEG-Y,776357280,776.36 MB,HEAD,1,,,no,,,,,"Distribution authorised 2014 by Bob Hardage (PI) and Scott Tinker (Director, BEG); requires the acknowledgement that the data were collected and made available for worldwide education and training by the Bureau of Economic Geology at the University of Texas at Austin",,yes,unclear,yes,unclear,unclear,licence-text,open-download,https://s3.amazonaws.com/open.source.geoscience/open_data/stratton/segy/cdp_gathers/cdpgathers_142-200.sgy,yes,4,"CMP gathers with NMO applied, split by line range (the numbers in the filename are the line range). All 6 gather files total 4,296,916,440 B (4.00 GiB)."
stratton-3d,"Stratton 3D (BEG, UT Austin)",US,"South Texas (Gulf Coast), land 3D",pre-stack gather (CDP),pre-stack,unmigrated,segy/cdp_gathers/cdpgathers_202-290.sgy,SEG-Y,1181982960,1.18 GB,HEAD,1,,,no,,,,,"Distribution authorised 2014 by Bob Hardage (PI) and Scott Tinker (Director, BEG); requires the acknowledgement that the data were collected and made available for worldwide education and training by the Bureau of Economic Geology at the University of Texas at Austin",,yes,unclear,yes,unclear,unclear,licence-text,open-download,https://s3.amazonaws.com/open.source.geoscience/open_data/stratton/segy/cdp_gathers/cdpgathers_202-290.sgy,yes,4,"CMP gathers with NMO applied, split by line range (the numbers in the filename are the line range). All 6 gather files total 4,296,916,440 B (4.00 GiB)."
stratton-3d,"Stratton 3D (BEG, UT Austin)",US,"South Texas (Gulf Coast), land 3D",pre-stack gather (CDP),pre-stack,unmigrated,segy/cdp_gathers/cdpgathers_290-310.sgy,SEG-Y,243849600,243.85 MB,HEAD,1,,,no,,,,,"Distribution authorised 2014 by Bob Hardage (PI) and Scott Tinker (Director, BEG); requires the acknowledgement that the data were collected and made available for worldwide education and training by the Bureau of Economic Geology at the University of Texas at Austin",,yes,unclear,yes,unclear,unclear,licence-text,open-download,https://s3.amazonaws.com/open.source.geoscience/open_data/stratton/segy/cdp_gathers/cdpgathers_290-310.sgy,yes,4,"CMP gathers with NMO applied, split by line range (the numbers in the filename are the line range). All 6 gather files total 4,296,916,440 B (4.00 GiB)."
stratton-3d,"Stratton 3D (BEG, UT Austin)",US,"South Texas (Gulf Coast), land 3D",pre-stack gather (CDP),pre-stack,unmigrated,segy/cdp_gathers/cdpgathers_601-630.sgy,SEG-Y,460554480,460.55 MB,HEAD,1,,,no,,,,,"Distribution authorised 2014 by Bob Hardage (PI) and Scott Tinker (Director, BEG); requires the acknowledgement that the data were collected and made available for worldwide education and training by the Bureau of Economic Geology at the University of Texas at Austin",,yes,unclear,yes,unclear,unclear,licence-text,open-download,https://s3.amazonaws.com/open.source.geoscience/open_data/stratton/segy/cdp_gathers/cdpgathers_601-630.sgy,yes,4,"CMP gathers with NMO applied, split by line range (the numbers in the filename are the line range). All 6 gather files total 4,296,916,440 B (4.00 GiB)."
stratton-3d,"Stratton 3D (BEG, UT Austin)",US,"South Texas (Gulf Coast), land 3D",pre-stack gather (shot),pre-stack,unmigrated,segy/navmerged/swath_1_geometry.sgy,SEG-Y,1671130800,1.67 GB,HEAD,1,,,no,,,,geometry merged into trace headers,"Distribution authorised 2014 by Bob Hardage (PI) and Scott Tinker (Director, BEG); requires the acknowledgement that the data were collected and made available for worldwide education and training by the Bureau of Economic Geology at the University of Texas at Austin",,yes,unclear,yes,unclear,unclear,licence-text,open-download,https://s3.amazonaws.com/open.source.geoscience/open_data/stratton/segy/navmerged/swath_1_geometry.sgy,yes,4,"Unprocessed shot gathers with acquisition geometry ALREADY LOADED into the trace headers - that is what makes Stratton the easiest complete land-3D processing exercise. All 4 swaths total 6,606,921,600 B (6.15 GiB)."
stratton-3d,"Stratton 3D (BEG, UT Austin)",US,"South Texas (Gulf Coast), land 3D",pre-stack gather (shot),pre-stack,unmigrated,segy/navmerged/swath_2_geometry.sgy,SEG-Y,1636369200,1.64 GB,HEAD,1,,,no,,,,geometry merged into trace headers,"Distribution authorised 2014 by Bob Hardage (PI) and Scott Tinker (Director, BEG); requires the acknowledgement that the data were collected and made available for worldwide education and training by the Bureau of Economic Geology at the University of Texas at Austin",,yes,unclear,yes,unclear,unclear,licence-text,open-download,https://s3.amazonaws.com/open.source.geoscience/open_data/stratton/segy/navmerged/swath_2_geometry.sgy,yes,4,"Unprocessed shot gathers with acquisition geometry ALREADY LOADED into the trace headers - that is what makes Stratton the easiest complete land-3D processing exercise. All 4 swaths total 6,606,921,600 B (6.15 GiB)."
stratton-3d,"Stratton 3D (BEG, UT Austin)",US,"South Texas (Gulf Coast), land 3D",pre-stack gather (shot),pre-stack,unmigrated,segy/navmerged/swath_3_geometry.sgy,SEG-Y,1697373360,1.70 GB,HEAD,1,,,no,,,,geometry merged into trace headers,"Distribution authorised 2014 by Bob Hardage (PI) and Scott Tinker (Director, BEG); requires the acknowledgement that the data were collected and made available for worldwide education and training by the Bureau of Economic Geology at the University of Texas at Austin",,yes,unclear,yes,unclear,unclear,licence-text,open-download,https://s3.amazonaws.com/open.source.geoscience/open_data/stratton/segy/navmerged/swath_3_geometry.sgy,yes,4,"Unprocessed shot gathers with acquisition geometry ALREADY LOADED into the trace headers - that is what makes Stratton the easiest complete land-3D processing exercise. All 4 swaths total 6,606,921,600 B (6.15 GiB)."
stratton-3d,"Stratton 3D (BEG, UT Austin)",US,"South Texas (Gulf Coast), land 3D",pre-stack gather (shot),pre-stack,unmigrated,segy/navmerged/swath_4_geometry.sgy,SEG-Y,1602048240,1.60 GB,HEAD,1,,,no,,,,geometry merged into trace headers,"Distribution authorised 2014 by Bob Hardage (PI) and Scott Tinker (Director, BEG); requires the acknowledgement that the data were collected and made available for worldwide education and training by the Bureau of Economic Geology at the University of Texas at Austin",,yes,unclear,yes,unclear,unclear,licence-text,open-download,https://s3.amazonaws.com/open.source.geoscience/open_data/stratton/segy/navmerged/swath_4_geometry.sgy,yes,4,"Unprocessed shot gathers with acquisition geometry ALREADY LOADED into the trace headers - that is what makes Stratton the easiest complete land-3D processing exercise. All 4 swaths total 6,606,921,600 B (6.15 GiB)."
stratton-3d,"Stratton 3D (BEG, UT Austin)",US,"South Texas (Gulf Coast), land 3D",VSP,pre-stack,unmigrated,segy/VSP/NVSP1.SGY,SEG-Y,596880,596.88 KB,HEAD,1,,,no,,,,,"Distribution authorised 2014 by Bob Hardage (PI) and Scott Tinker (Director, BEG); requires the acknowledgement that the data were collected and made available for worldwide education and training by the Bureau of Economic Geology at the University of Texas at Austin",,yes,unclear,yes,unclear,unclear,licence-text,open-download,https://s3.amazonaws.com/open.source.geoscience/open_data/stratton/segy/VSP/NVSP1.SGY,yes,4,"Near-offset VSP. SEG Wiki flags WVSP1.SGY as a possible duplicate of this file; the byte counts are identical (596,880), which supports that - compare ETags before storing both."
stratton-3d,"Stratton 3D (BEG, UT Austin)",US,"South Texas (Gulf Coast), land 3D",VSP,pre-stack,unmigrated,segy/VSP/NVSP2.SGY,SEG-Y,183118,183.12 KB,HEAD,1,,,no,,,,,"Distribution authorised 2014 by Bob Hardage (PI) and Scott Tinker (Director, BEG); requires the acknowledgement that the data were collected and made available for worldwide education and training by the Bureau of Economic Geology at the University of Texas at Austin",,yes,unclear,yes,unclear,unclear,licence-text,open-download,https://s3.amazonaws.com/open.source.geoscience/open_data/stratton/segy/VSP/NVSP2.SGY,yes,4,"Near-offset VSP, second record. Identical byte count to WVSP2.SGY (183,118) - same duplicate caveat."
stratton-3d,"Stratton 3D (BEG, UT Austin)",US,"South Texas (Gulf Coast), land 3D",VSP,pre-stack,unmigrated,segy/VSP/WVSP1.SGY,SEG-Y,596880,596.88 KB,HEAD,1,,,no,,,,,"Distribution authorised 2014 by Bob Hardage (PI) and Scott Tinker (Director, BEG); requires the acknowledgement that the data were collected and made available for worldwide education and training by the Bureau of Economic Geology at the University of Texas at Austin",,yes,unclear,yes,unclear,unclear,licence-text,open-download,https://s3.amazonaws.com/open.source.geoscience/open_data/stratton/segy/VSP/WVSP1.SGY,yes,4,Walkaway/offset VSP. Identical byte count to NVSP1.SGY - possibly the same data under a second name.
stratton-3d,"Stratton 3D (BEG, UT Austin)",US,"South Texas (Gulf Coast), land 3D",VSP,pre-stack,unmigrated,segy/VSP/WVSP2.SGY,SEG-Y,183118,183.12 KB,HEAD,1,,,no,,,,,"Distribution authorised 2014 by Bob Hardage (PI) and Scott Tinker (Director, BEG); requires the acknowledgement that the data were collected and made available for worldwide education and training by the Bureau of Economic Geology at the University of Texas at Austin",,yes,unclear,yes,unclear,unclear,licence-text,open-download,https://s3.amazonaws.com/open.source.geoscience/open_data/stratton/segy/VSP/WVSP2.SGY,yes,4,"Walkaway/offset VSP, second record. Identical byte count to NVSP2.SGY."
stratton-3d,"Stratton 3D (BEG, UT Austin)",US,"South Texas (Gulf Coast), land 3D",VSP,non-seismic,n/a,segy/VSP/TABLE3.TXT; segy/VSP/VSP_9.TXT,ASCII text,41816,41.82 KB,HEAD,2,,,no,,,,,"Distribution authorised 2014 by Bob Hardage (PI) and Scott Tinker (Director, BEG); requires the acknowledgement that the data were collected and made available for worldwide education and training by the Bureau of Economic Geology at the University of Texas at Austin",,yes,unclear,yes,unclear,unclear,licence-text,open-download,https://s3.amazonaws.com/open.source.geoscience/open_data/stratton/segy/VSP/,yes,4,"VSP tables: TABLE3.TXT 14,777 B and VSP_9.TXT 27,039 B. SEG Wiki asks (unresolved) whether TABLE3 is the corridor stack."
stratton-3d,"Stratton 3D (BEG, UT Austin)",US,"South Texas (Gulf Coast), land 3D",well logs,non-seismic,n/a,Stratton_wells.zip,ZIP,1076309,1.08 MB,HEAD,1,,,no,,,,described by Stratton_Achieve_Log.pdf,"Distribution authorised 2014 by Bob Hardage (PI) and Scott Tinker (Director, BEG); requires the acknowledgement that the data were collected and made available for worldwide education and training by the Bureau of Economic Geology at the University of Texas at Austin",,yes,unclear,yes,unclear,unclear,licence-text,open-download,https://s3.amazonaws.com/open.source.geoscience/open_data/stratton/Stratton_wells.zip,yes,4,"Well logs for the survey. Only 1.03 MiB - small, but it is what closes the loop from raw shots to a well tie."
stratton-3d,"Stratton 3D (BEG, UT Austin)",US,"South Texas (Gulf Coast), land 3D",report,non-seismic,n/a,Stratton_Achieve_Log.pdf,PDF,4598806,4.60 MB,HEAD,1,,,no,,,,,"Distribution authorised 2014 by Bob Hardage (PI) and Scott Tinker (Director, BEG); requires the acknowledgement that the data were collected and made available for worldwide education and training by the Bureau of Economic Geology at the University of Texas at Austin",,yes,unclear,yes,unclear,unclear,licence-text,open-download,https://s3.amazonaws.com/open.source.geoscience/open_data/stratton/Stratton_Achieve_Log.pdf,yes,4,Well-log description document for Stratton_wells.zip.
stratton-3d,"Stratton 3D (BEG, UT Austin)",US,"South Texas (Gulf Coast), land 3D",report,non-seismic,n/a,stratton_acqui_proc.pdf,PDF,1416031,1.42 MB,HEAD,1,,,no,,,,,"Distribution authorised 2014 by Bob Hardage (PI) and Scott Tinker (Director, BEG); requires the acknowledgement that the data were collected and made available for worldwide education and training by the Bureau of Economic Geology at the University of Texas at Austin",,yes,unclear,yes,unclear,unclear,licence-text,open-download,https://s3.amazonaws.com/open.source.geoscience/open_data/stratton/stratton_acqui_proc.pdf,yes,4,Acquisition and processing report - the reference for reproducing the published image from the raw swaths.
stratton-3d,"Stratton 3D (BEG, UT Austin)",US,"South Texas (Gulf Coast), land 3D",project bundle,pre-stack,time,open_data/stratton/**,SEG-Y; ZIP; PDF; text,11356295678,11.36 GB,HEAD,20,,,no,,,,raw shots + CMP gathers + final image + VSP + well logs + reports,"Distribution authorised 2014 by Bob Hardage (PI) and Scott Tinker (Director, BEG); requires the acknowledgement that the data were collected and made available for worldwide education and training by the Bureau of Economic Geology at the University of Texas at Austin",,yes,unclear,yes,unclear,unclear,licence-text,open-download,https://s3.amazonaws.com/open.source.geoscience/open_data/stratton/,yes,4,"ROLLUP ROW - all 20 Stratton objects re-probed individually by HEAD this pass and summed to exactly 11,356,295,678 B (10.58 GiB), matching prior research. Do not double-count with the per-file rows. The smallest COMPLETE land 3D package anywhere: raw shots, gathers, final image, VSP and logs."
scan-2d,SCAN programme regional 2D (TNO + EBN),NL,onshore Netherlands (geothermal screening),project bundle,post-stack,PSDM,*.zip (98 links on the SCAN page),ZIP,234647068060,234.65 GB,HEAD,98,"73 newly acquired lines (2019-2025) + 4 widelines + 6 cross-spread pseudo-3D + 11 reprocessing packages covering ~6,700 km",,no,,,,processed sections; VELOCITY MODELS; processing reports and appendices,"No explicit licence text is published on the NLOG SCAN page - free download, terms unstated",,unclear,unclear,unclear,unclear,unclear,unstated,open-download,https://www.nlog.nl/en/scan-2d-seismic-data,yes,3,"ROLLUP ROW - 98 unique .zip links were swept by HEAD; 97 returned a Content-Length and those sum to exactly 234,647,068,060 B. The one unsized link is counted in n_files but contributes 0 bytes, so the true total is slightly larger. Lines 68-73 are only reachable via the interactive map, not the link list. commercial_ok=unclear because NLOG publishes no licence text for this page. Genuinely NEW state-funded 2D with offsets to 29 km and RELEASED velocity models - unusually good for velocity/FWI work. Raw field data is a fee-bearing NLOG Servicedesk request."
scan-2d,SCAN programme regional 2D (TNO + EBN),NL,onshore Netherlands (geothermal screening),project bundle,post-stack,PSDM,SCAN002_PreSDM_RTM.zip,ZIP,12633310523,12.63 GB,HEAD,1,,,no,,,,velocity models and processing reports ship inside the zips,"No explicit licence text is published on the NLOG SCAN page - free download, terms unstated",,unclear,unclear,unclear,unclear,unclear,unstated,open-download,https://www.nlog.nl/sites/default/files/big_files/SCAN002_PreSDM_RTM.zip,yes,3,Largest single SCAN file. Pre-stack depth migration AND reverse-time migration products for line SCAN002 - the flagship deliverable of the programme. Content-Length re-verified by HEAD this pass (HTTP 200).
scan-2d,SCAN programme regional 2D (TNO + EBN),NL,onshore Netherlands (geothermal screening),project bundle,post-stack,time,GTO-19-C032-01_Zeeland_NAM.zip,ZIP,11591053247,11.59 GB,HEAD,1,,,no,,,,velocity models and processing reports ship inside the zips,"No explicit licence text is published on the NLOG SCAN page - free download, terms unstated",,unclear,unclear,unclear,unclear,unclear,unstated,open-download,https://www.nlog.nl/sites/default/files/big_files/GTO-19-C032-01_Zeeland_NAM.zip,yes,3,Zeeland reprocessing package (NAM legacy data). Second largest SCAN download. Content-Length re-verified by HEAD this pass (HTTP 200).
scan-2d,SCAN programme regional 2D (TNO + EBN),NL,onshore Netherlands (geothermal screening),full stack,post-stack,time,L2EBN2021ASCAN020.zip,ZIP,8260061948,8.26 GB,HEAD,1,,,no,,,,velocity models and processing reports ship inside the zips,"No explicit licence text is published on the NLOG SCAN page - free download, terms unstated",,unclear,unclear,unclear,unclear,unclear,unstated,open-download,https://www.nlog.nl/sites/default/files/big_files/L2EBN2021ASCAN020.zip,yes,3,Newly acquired long-offset 2D line SCAN020 (2021 campaign). Content-Length re-verified by HEAD this pass (HTTP 200).
scan-2d,SCAN programme regional 2D (TNO + EBN),NL,onshore Netherlands (geothermal screening),report,post-stack,time,Lines11-46_Processingreport+appendices.zip,ZIP,6630588531,6.63 GB,HEAD,1,,,no,,,,velocity models and processing reports ship inside the zips,"No explicit licence text is published on the NLOG SCAN page - free download, terms unstated",,unclear,unclear,unclear,unclear,unclear,unstated,open-download,https://www.nlog.nl/sites/default/files/big_files/Lines11-46_Processingreport+appendices.zip,yes,3,Processing report and appendices covering lines 11-46. 6.6 GB of PROCESSING DOCUMENTATION is itself unusual and valuable - it makes the velocity models reproducible. Content-Length re-verified by HEAD this pass (HTTP 200).
scan-2d,SCAN programme regional 2D (TNO + EBN),NL,onshore Netherlands (geothermal screening),full stack,post-stack,time,L2EBN2019ASCAN001.zip,ZIP,1631823851,1.63 GB,HEAD,1,,,no,,,,velocity models and processing reports ship inside the zips,"No explicit licence text is published on the NLOG SCAN page - free download, terms unstated",,unclear,unclear,unclear,unclear,unclear,unstated,open-download,https://www.nlog.nl/sites/default/files/big_files/L2EBN2019ASCAN001.zip,yes,3,Newly acquired long-offset 2D line SCAN001 (2019 campaign) - the first line of the programme. Content-Length re-verified by HEAD this pass (HTTP 200).
mgds-costa,MGDS academic MCS - Costa Rica / CRISP,MULTI,Costa Rica / CRISP,project bundle,post-stack,PSDM,(regional query result),SEG-Y,1471138933258,1.47 TB,api,676,,,no,,,,"navigation, velocity models and shot data are separate data_type queries",MGDS site licence CC BY-NC-SA 3.0 (US); cite the contributing scientists and MGDS; a Business Use Licence may be required for marine seismic data (techventures@columbia.edu),CC-BY-NC-SA-3.0,no,unclear,yes,unclear,unclear,licence-text,open-request,https://www.marine-geo.org/services/FileServer?data_type=Seismic:Reflection:MCS&file_format=SEGY&format=full_info,yes,2,"RE-MEASURED THIS PASS by summing the exact data_file_size field over every file the FileServer API returns for this bounding box - these are exact byte totals, not the rounded GB previously recorded. Principal cruises by file count: IG2402, FM3502, EW0104, IG2903, MGL0807, EW0005, EW0412, IG2403. Terms-acceptance download flow at https://www.marine-geo.org/services/download/download.php?data_uids=<uids>&data_set_uid=<uid> - there is NO anonymous direct-file URL. The FileDownloadServer endpoint the API advertises 301s to api.marine-geo.org then 404s (verified on three uids). A whole-globe bounding box returns count=0, so you must enumerate region by region. NC licence blocks commercial use; ml_ready 2 for that plus the accept-POST download flow."
mgds-enam,MGDS academic MCS - ENAM (Eastern North American Margin),MULTI,ENAM (Eastern North American Margin),project bundle,post-stack,PSDM,(regional query result),SEG-Y,1421188420406,1.42 TB,api,1510,,,no,,,,"navigation, velocity models and shot data are separate data_type queries",MGDS site licence CC BY-NC-SA 3.0 (US); cite the contributing scientists and MGDS; a Business Use Licence may be required for marine seismic data (techventures@columbia.edu),CC-BY-NC-SA-3.0,no,unclear,yes,unclear,unclear,licence-text,open-request,https://www.marine-geo.org/services/FileServer?data_type=Seismic:Reflection:MCS&file_format=SEGY&format=full_info,yes,2,"RE-MEASURED THIS PASS by summing the exact data_file_size field over every file the FileServer API returns for this bounding box - these are exact byte totals, not the rounded GB previously recorded. Principal cruises by file count: FM0802, FM1001, IG1502, EW0008, MGL1408, EW9009, EN555, IG1501. Terms-acceptance download flow at https://www.marine-geo.org/services/download/download.php?data_uids=<uids>&data_set_uid=<uid> - there is NO anonymous direct-file URL. The FileDownloadServer endpoint the API advertises 301s to api.marine-geo.org then 404s (verified on three uids). A whole-globe bounding box returns count=0, so you must enumerate region by region. NC licence blocks commercial use; ml_ready 2 for that plus the accept-POST download flow."
mgds-alaska,MGDS academic MCS - Alaska / Aleutians,MULTI,Alaska / Aleutians,project bundle,post-stack,PSDM,(regional query result),SEG-Y,1082521648939,1.08 TB,api,462,,,no,,,,"navigation, velocity models and shot data are separate data_type queries",MGDS site licence CC BY-NC-SA 3.0 (US); cite the contributing scientists and MGDS; a Business Use Licence may be required for marine seismic data (techventures@columbia.edu),CC-BY-NC-SA-3.0,no,unclear,yes,unclear,unclear,licence-text,open-request,https://www.marine-geo.org/services/FileServer?data_type=Seismic:Reflection:MCS&file_format=SEGY&format=full_info,yes,2,"RE-MEASURED THIS PASS by summing the exact data_file_size field over every file the FileServer API returns for this bounding box - these are exact byte totals, not the rounded GB previously recorded. Principal cruises by file count: AG1608, EW0408, EW9409, MGL0814, EW9410, MGL1109, MGL1110, GT8907. Terms-acceptance download flow at https://www.marine-geo.org/services/download/download.php?data_uids=<uids>&data_set_uid=<uid> - there is NO anonymous direct-file URL. The FileDownloadServer endpoint the API advertises 301s to api.marine-geo.org then 404s (verified on three uids). A whole-globe bounding box returns count=0, so you must enumerate region by region. NC licence blocks commercial use; ml_ready 2 for that plus the accept-POST download flow."
mgds-nankai,MGDS academic MCS - Nankai Trough,MULTI,Nankai Trough,project bundle,post-stack,PSDM,(regional query result),SEG-Y,959941013108,959.94 GB,api,156,,,no,,,,"navigation, velocity models and shot data are separate data_type queries",MGDS site licence CC BY-NC-SA 3.0 (US); cite the contributing scientists and MGDS; a Business Use Licence may be required for marine seismic data (techventures@columbia.edu),CC-BY-NC-SA-3.0,no,unclear,yes,unclear,unclear,licence-text,open-request,https://www.marine-geo.org/services/FileServer?data_type=Seismic:Reflection:MCS&file_format=SEGY&format=full_info,yes,2,"RE-MEASURED THIS PASS by summing the exact data_file_size field over every file the FileServer API returns for this bounding box - these are exact byte totals, not the rounded GB previously recorded. Principal cruises by file count: EW9907, EW9908, FM3506, KUMANO3D. Terms-acceptance download flow at https://www.marine-geo.org/services/download/download.php?data_uids=<uids>&data_set_uid=<uid> - there is NO anonymous direct-file URL. The FileDownloadServer endpoint the API advertises 301s to api.marine-geo.org then 404s (verified on three uids). A whole-globe bounding box returns count=0, so you must enumerate region by region. NC licence blocks commercial use; ml_ready 2 for that plus the accept-POST download flow."
mgds-gulf,MGDS academic MCS - Gulf of Mexico,MULTI,Gulf of Mexico,project bundle,post-stack,PSDM,(regional query result),SEG-Y,884687535656,884.69 GB,api,2600,,,no,,,,"navigation, velocity models and shot data are separate data_type queries",MGDS site licence CC BY-NC-SA 3.0 (US); cite the contributing scientists and MGDS; a Business Use Licence may be required for marine seismic data (techventures@columbia.edu),CC-BY-NC-SA-3.0,no,unclear,yes,unclear,unclear,licence-text,open-request,https://www.marine-geo.org/services/FileServer?data_type=Seismic:Reflection:MCS&file_format=SEGY&format=full_info,yes,2,"RE-MEASURED THIS PASS by summing the exact data_file_size field over every file the FileServer API returns for this bounding box - these are exact byte totals, not the rounded GB previously recorded. Principal cruises by file count: FM0301, FM0702, EW0501, FM0901, FM1501, IG2801, MNT1301, FM1801. Terms-acceptance download flow at https://www.marine-geo.org/services/download/download.php?data_uids=<uids>&data_set_uid=<uid> - there is NO anonymous direct-file URL. The FileDownloadServer endpoint the API advertises 301s to api.marine-geo.org then 404s (verified on three uids). A whole-globe bounding box returns count=0, so you must enumerate region by region. NC licence blocks commercial use; ml_ready 2 for that plus the accept-POST download flow."
mgds-cascadia,MGDS academic MCS - Cascadia,MULTI,Cascadia,project bundle,post-stack,PSDM,(regional query result),SEG-Y,384224603853,384.22 GB,api,722,,,no,,,,"navigation, velocity models and shot data are separate data_type queries",MGDS site licence CC BY-NC-SA 3.0 (US); cite the contributing scientists and MGDS; a Business Use Licence may be required for marine seismic data (techventures@columbia.edu),CC-BY-NC-SA-3.0,no,unclear,yes,unclear,unclear,licence-text,open-request,https://www.marine-geo.org/services/FileServer?data_type=Seismic:Reflection:MCS&file_format=SEGY&format=full_info,yes,2,"RE-MEASURED THIS PASS by summing the exact data_file_size field over every file the FileServer API returns for this bounding box - these are exact byte totals, not the rounded GB previously recorded. Principal cruises by file count: TN112, EW0208, GT8909, MGL2104 (CASIE21), RR1718, W0709A, MGL1212, MGL1211. Terms-acceptance download flow at https://www.marine-geo.org/services/download/download.php?data_uids=<uids>&data_set_uid=<uid> - there is NO anonymous direct-file URL. The FileDownloadServer endpoint the API advertises 301s to api.marine-geo.org then 404s (verified on three uids). A whole-globe bounding box returns count=0, so you must enumerate region by region. NC licence blocks commercial use; ml_ready 2 for that plus the accept-POST download flow."
mgds-gulf,MGDS academic MCS - Gulf of Corinth,MULTI,Gulf of Corinth,project bundle,post-stack,PSDM,(regional query result),SEG-Y,110891215704,110.89 GB,api,163,,,no,,,,"navigation, velocity models and shot data are separate data_type queries",MGDS site licence CC BY-NC-SA 3.0 (US); cite the contributing scientists and MGDS; a Business Use Licence may be required for marine seismic data (techventures@columbia.edu),CC-BY-NC-SA-3.0,no,unclear,yes,unclear,unclear,licence-text,open-request,https://www.marine-geo.org/services/FileServer?data_type=Seismic:Reflection:MCS&file_format=SEGY&format=full_info,yes,2,"RE-MEASURED THIS PASS by summing the exact data_file_size field over every file the FileServer API returns for this bounding box - these are exact byte totals, not the rounded GB previously recorded. Principal cruises by file count: EW0108. Terms-acceptance download flow at https://www.marine-geo.org/services/download/download.php?data_uids=<uids>&data_set_uid=<uid> - there is NO anonymous direct-file URL. The FileDownloadServer endpoint the API advertises 301s to api.marine-geo.org then 404s (verified on three uids). A whole-globe bounding box returns count=0, so you must enumerate region by region. NC licence blocks commercial use; ml_ready 2 for that plus the accept-POST download flow."
mgds-mid-atlantic,MGDS academic MCS - Mid-Atlantic Ridge,MULTI,Mid-Atlantic Ridge,project bundle,post-stack,PSDM,(regional query result),SEG-Y,90584526712,90.58 GB,api,64,,,no,,,,"navigation, velocity models and shot data are separate data_type queries",MGDS site licence CC BY-NC-SA 3.0 (US); cite the contributing scientists and MGDS; a Business Use Licence may be required for marine seismic data (techventures@columbia.edu),CC-BY-NC-SA-3.0,no,unclear,yes,unclear,unclear,licence-text,open-request,https://www.marine-geo.org/services/FileServer?data_type=Seismic:Reflection:MCS&file_format=SEGY&format=full_info,yes,2,"RE-MEASURED THIS PASS by summing the exact data_file_size field over every file the FileServer API returns for this bounding box - these are exact byte totals, not the rounded GB previously recorded. Principal cruises by file count: EW0102, FM1002, RC3001. Terms-acceptance download flow at https://www.marine-geo.org/services/download/download.php?data_uids=<uids>&data_set_uid=<uid> - there is NO anonymous direct-file URL. The FileDownloadServer endpoint the API advertises 301s to api.marine-geo.org then 404s (verified on three uids). A whole-globe bounding box returns count=0, so you must enumerate region by region. NC licence blocks commercial use; ml_ready 2 for that plus the accept-POST download flow."
kumano-3d,Kumano 3D - Nankai Trough (NanTroSEIZE site survey),JP,"Kumano Basin, central Nankai Trough",full stack,post-stack,depth,ar55.4495.kumano3d.2130_2750.3dmigration.segy,SEG-Y,27697960040,27.70 GB,api,1,"inlines 2130-2750, CMPs 3720-7230; 136.460-136.818 E, 33.012-33.476 N; survey ~12 km strike x 56 km dip",,no,,,,MGDS entry Nankai:Moore carries the survey map Nankai_3D_survey.pdf (305 KB) and science report 2006020_NOR_Jamstec.pdf (9.0 MB),MGDS site licence CC BY-NC-SA 3.0 (US); cite the contributing scientists and MGDS; a Business Use Licence may be required for marine seismic data (techventures@columbia.edu),CC-BY-NC-SA-3.0,no,unclear,yes,unclear,unclear,licence-text,open-request,https://www.marine-geo.org/tools/files/28541,yes,2,"Exact size re-confirmed this pass from the MGDS FileServer API (data_uid=1464342, data_set_uid=28541). Access status PUBLIC, release date 2020-05-24. This answers 'is the Nankai 3D open?' - yes, but via MGDS rather than JAMSTEC's own portal. Acquired Apr-May 2006 by M/V Nordic Explorer (PGS) for JAMSTEC, the first 3D site survey run with a commercial vessel. Subduction-zone imaging with IODP borehole ties. NC licence."
casie21,CASIE21 - Cascadia Seismic Imaging Experiment 2021 (MGL2104),US,Cascadia subduction zone,full stack,post-stack,PSDM,MGL2104{PDnn|PSnn|TDnn}_psdm_kir_stk_20220802.sgy,SEG-Y,10337499324,10.34 GB,api,39,"18 primary margin-crossing lines + 6 margin-parallel lines, ~42-50 N",,no,,,,navigation (P1) DOI 10.26022/IEDA/330901; SHOT DATA (SEG-D) DOI 10.26022/IEDA/330905; interpretation NetCDF grids DOI 10.60521/331666; documents bundle 71.4 MB incl. a 61.0 MB PSDM processing report,MGDS site licence CC BY-NC-SA 3.0 (US); cite the contributing scientists and MGDS; a Business Use Licence may be required for marine seismic data (techventures@columbia.edu),CC-BY-NC-SA-3.0,no,unclear,yes,unclear,unclear,licence-text,open-request,https://www.marine-geo.org/tools/files/31274,yes,2,"Exact 10,337,499,324 B re-summed this pass from the MGDS API over the 39 psdm files (data_uid 2839302-2839342, data_set_uid 31274, DOI 10.26022/IEDA/331274). Individual lines run 51 MB to 788 MB; largest is MGL2104PS01ACD_psdm_kir_stk_20220802.sgy at 788,107,320 B. PD = margin-perpendicular dip, PS = strike, TD = tie. R/V Marcus G. Langseth, June 2021. The best open academic PRE-STACK + PSDM PAIR, because the SEG-D shots are released separately. NC licence."
mobil-avo-viking-graben,Mobil AVO Viking Graben Line 12,NO,"North Viking Graben, North Sea",pre-stack gather (shot),pre-stack,unmigrated,seismic.segy,SEG-Y,749552400,749.55 MB,HEAD,1,"120,120 traces x 1500 samples (6.000 s); 1001 shots x 120 channels",4,no,,,,two well logs; a basic Seismic Unix script,"Public domain - Keys & Foster: 'Since the workshop data set is in the public domain, readers can apply their own methods to the data.'",,yes,yes,no,no,yes,licence-text,open-download,https://s3.amazonaws.com/open.source.geoscience/open_data/Mobil_Avo_Viking_Graben_Line_12/seismic.segy,yes,4,"THE reference open pre-stack AVO / seismic-inversion line, from the 1994 SEG inversion workshop (Keys & Foster, Comparison of Seismic Inversion Methods on a Single Real Data Set). Geometry read from the SEG-Y binary header via range request; 1001 x 120 = 120,120 traces confirms the shot/channel split arithmetically. Public domain and only 715 MiB - the cheapest genuinely useful pre-stack marine data there is. Landing page: .../Mobil_Avo_Viking_Graben_Line_12/mobil_avo.html"
blake-ridge-3d,Blake Ridge Hydrates 3D,US,offshore South Carolina (348.93 km2 / 164 blocks),project bundle,pre-stack,PSTM,Blake_Ridge_Hydrates_3D.zip,ZIP (OpendTect project),,914 MB download / 1.94 GB uncompressed,published,1,,,no,,,,PSTM stack + CONDITIONED PSTM ANGLE GATHERS; detailed and background steering cubes,CC BY-SA 3.0 on dGB derived attributes; original seismic released under NSF award 99190966,CC-BY-SA-3.0,yes,yes,yes,yes,yes,spdx,open-registration,https://terranubis.com/datainfo/Blake-Ridge-Hydrates-3D,yes,3,"size_bytes EMPTY - TerraNubis downloads are session-gated. The classic gas-hydrate BSR dataset, and it ships ANGLE GATHERS, so you can do AVO on a bottom-simulating reflector. Small enough to iterate on quickly. Direct link form: https://terranubis.com/download/Blake_Ridge_Hydrates_3D.zip/2"
usgs-npra-alaska31-81,USGS NPRA Alaska 2D line 31-81,US,National Petroleum Reserve Alaska,pre-stack gather (shot),pre-stack,unmigrated,alaska31-81.tar.gz,TAR.GZ (SEG-Y + scripts),38138509,38.14 MB,HEAD,1,,,no,,,,"unprocessed prestack data, final stack, images of previous stack, Seismic Unix processing scripts, observer's and surveyor's logs via USGS",Public domain; credit USGS,,yes,yes,no,no,yes,licence-text,open-download,https://s3.amazonaws.com/open.source.geoscience/open_data/alaska/alaska31-81.tar.gz,yes,4,"The best hello-world for a COMPLETE 2D land processing sequence: download, reformat, header load, gain, prestack f-k filter, brute velocities, brute stack, residual statics, final velocity analysis, final stack, then phase-shift AND Kirchhoff migration. Short line, small statics. Ships Seismic Unix scripts PLUS su 43R1 Linux executables, so it runs even without su installed. Content-Length re-verified by HEAD this pass."
usgs-npra-alaska16-81,USGS NPRA Alaska 2D line 16-81,US,National Petroleum Reserve Alaska,pre-stack gather (shot),pre-stack,unmigrated,alaska16-81.tar.gz,TAR.GZ (SEG-Y + scripts),5480496,5.48 MB,HEAD,1,,,no,,,,"unprocessed prestack data, final stack, images of previous stack, Seismic Unix processing scripts, observer's and surveyor's logs via USGS",Public domain; credit USGS,,yes,yes,no,no,yes,licence-text,open-download,https://s3.amazonaws.com/open.source.geoscience/open_data/alaska/alaska16-81.tar.gz,yes,4,"Sister line to 31-81, which it crosses. Weaker ground roll and fewer noise bursts, but a LARGER STATICS PROBLEM and more structure between 1 and 2 s. Use the pair for statics experiments. Ships Seismic Unix scripts and a research poster (R. Zavala, U. Houston). Content-Length re-verified by HEAD this pass."
namss,NAMSS - USGS National Archive of Marine Seismic Surveys,US,"US EEZ: Gulf of Mexico, Atlantic, Pacific, Alaska",project bundle,post-stack,time,"(per-survey, selected from the map UI)",SEG-Y; PDF images,,,,1,,,no,,,,navigation,"Public domain, no restrictions on usage or publication (BOEM G&G data releasable after the 25-year proprietary term, 30 CFR 551 & 580)",,yes,yes,no,no,yes,licence-text,open-download,https://walrus.wr.usgs.gov/namss/,yes,3,"SIZE EMPTY - there is NO file-listing API, so per-survey sizes must be harvested from the map UI and none were verified. Archive-scale: >300,000 km transferred by WesternGeco and Chevron alone in 2005, plus USGS OCS/EEZ 1975-mid-1990s, BP North Slope, PG&E Diablo Canyon and BOEM releases since 2011. The only machine-readable index is a WMS: https://walrus.wr.usgs.gov/namss/wms?request=GetCapabilities&service=WMS&version=1.1.1 (EPSG:3857; a FILTERS parameter supports identifier, data-type, year with .. ranges, and contributor, OR-able). Cite doi:10.5066/F7930R7P and doi:10.1029/2023CN000229. Public domain and no account - the easiest large US archive to script against. Named 3D volumes were NOT verified; do not invent survey names."
unicamp-namss,Unicamp-NAMSS 2D seismic image dataset,US,US EEZ (122 survey areas via NAMSS),project bundle,post-stack,time,train.tar.gz; test.tar.gz; validation.tar.gz,TAR.GZ (images),18825400771,18.83 GB,api,3,"2,588 cleaned and standardised migrated 2D sections from 122 survey areas",,no,,,,pre-split train/test/validation partitions,CC BY 4.0,CC-BY-4.0,yes,yes,yes,no,yes,spdx,open-download,https://zenodo.org/records/18330487,yes,4,"Bytes = train.tar.gz 15,319,027,087 + test.tar.gz 1,903,463,252 + validation.tar.gz 1,602,910,432, from the Zenodo REST API. This is the practical answer to the NAMSS access problem: someone already did the harvesting, cleaning and standardisation and released it CC BY 4.0 with splits. Unlabelled, so it is a pretraining/self-supervision corpus (ml_ready 4), not a supervised benchmark. DOI 10.5281/zenodo.18330487."
noaa-deep-sea-minerals,NOAA deep-sea minerals survey (OPR-T900-KR-26),US,Pacific deep-sea minerals survey area,pre-stack gather (shot),pre-stack,unmigrated,**/Raw/SBP/SEGY/*.sgy,SEG-Y,529731962688,529.73 GB,listing,7863,,,no,,,,"co-located multibeam (.all, .kmall, .gsf), side-scan (.xtf, .jsf), imagery (.tif, .jpg) and navigation in the same survey tree","US Government work - NOAA data are conventionally public domain; NO explicit licence file was found in the bucket, so treat the terms as unstated-but-open",,yes,yes,no,no,yes,licence-text,open-download,https://storage.googleapis.com/storage/v1/b/noaa-deep-sea-minerals/o (bucket gs://noaa-deep-sea-minerals),yes,3,"RAW sub-bottom-profiler SEG-Y. MEASURED THIS PASS by GCS matchGlob sweep (**.sgy) with the /Raw/ path split. IMPORTANT CAVEAT: this is SBP (chirp sub-bottom profiler) data - shallow, very high frequency, single-channel - NOT exploration-scale multichannel reflection seismic. Do not treat it as a substitute for a 3D survey. Its value is volume: ~530 GB of raw traces for self-supervised pretraining. Bucket is anonymously listable."
noaa-deep-sea-minerals,NOAA deep-sea minerals survey (OPR-T900-KR-26),US,Pacific deep-sea minerals survey area,full stack,post-stack,time,**/Processed/SBP/*_proc.sgy,SEG-Y,542191090772,542.19 GB,listing,8040,,,no,,,,each processed file pairs with a raw counterpart of the same base name,"US Government work - NOAA data are conventionally public domain; NO explicit licence file was found in the bucket, so treat the terms as unstated-but-open",,yes,yes,no,no,yes,licence-text,open-download,https://storage.googleapis.com/storage/v1/b/noaa-deep-sea-minerals/o (bucket gs://noaa-deep-sea-minerals),yes,3,"PROCESSED sub-bottom-profiler SEG-Y. MEASURED THIS PASS by matchGlob sweep with the /Processed/ path split. The raw/processed PAIRING is the interesting property here: 7,863 raw and 8,040 processed files under matching names give you a large supervised RAW-TO-PROCESSED denoising corpus, which is rare. Largest single file 1,698,380,120 B (SBP-0316-07gh004a-20260426-190058_0_proc.sgy). Still SBP, not exploration seismic."
noaa-deep-sea-minerals,NOAA deep-sea minerals survey (OPR-T900-KR-26),US,Pacific deep-sea minerals survey area,project bundle,pre-stack,unmigrated,**/*.sgy,SEG-Y,1071923053460,1.07 TB,listing,15903,,,no,,,,raw + processed SBP together,"US Government work - NOAA data are conventionally public domain; NO explicit licence file was found in the bucket, so treat the terms as unstated-but-open",,yes,yes,no,no,yes,licence-text,open-download,https://storage.googleapis.com/storage/v1/b/noaa-deep-sea-minerals/o (bucket gs://noaa-deep-sea-minerals),yes,3,"ROLLUP of the two rows above - every .sgy object in the bucket: 15,903 files, 1,071,923,053,460 bytes exactly, measured this pass by exhaustive GCS matchGlob pagination. Do not double-count with the Raw and Processed rows. A further 149 .seg files add 8,072,646,584 B, giving 16,052 SEG-Y-family files / 1,079,995,700,044 B. Globs **.segy, **.SEGY and **.SGY all return ZERO objects - the extension is lowercase .sgy only, which matters if you script the pull. All SEG-Y sits under the single survey prefix OPR-T900-KR-26/."
noaa-deep-sea-minerals,NOAA deep-sea minerals survey (OPR-T900-KR-26),US,Pacific deep-sea minerals survey area,project bundle,non-seismic,n/a,(whole bucket),SEG-Y; XTF; GeoTIFF; JPEG; KMALL; GSF; JSF; CSV,24909686375972,24.91 TB,listing,4535052,,,no,,,,"side-scan/sonar .xtf 420,934 files 8.09 TB; imagery .tif 15,350 files 7.02 TB and .jpg 2,274,628 files 3.75 TB; multibeam .all 7,230 files 895.40 GB, .kmall 1,966 files 109.27 GB, .gsf 1,966 files 5.86 GB; .hcg 125,982 files 483.78 GB; .jsf 8,638 files 339.14 GB","US Government work - NOAA data are conventionally public domain; NO explicit licence file was found in the bucket, so treat the terms as unstated-but-open",,yes,yes,no,no,yes,licence-text,open-download,https://storage.googleapis.com/storage/v1/b/noaa-deep-sea-minerals/o (bucket gs://noaa-deep-sea-minerals),yes,2,"WHOLE-BUCKET ROLLUP - 4,535,052 objects, 24,909,686,375,972 bytes, measured this pass by exhaustive ListObjects pagination (4,535 pages). SEG-Y is only 4.3 percent of it; the bulk is side-scan, imagery and multibeam. ml_ready 2 for the whole bucket because 24.91 TB of mostly-non-seismic data is awkward bulk access - pull the .sgy glob instead. Do not double-count with the SEG-Y rows above."
teal-south,Teal South - phase 2 P-S CCP gathers (c1+c2),US,"Gulf of Mexico, Eugene Island Block 354",pre-stack gather (CDP),pre-stack,unmigrated,TS-103687-phase2-c1.zip; TS-103688-phase2-c2.zip,"SEG-Y (big-endian), zipped",4422374511,4.42 GB,HEAD,2,,,no,,,,,Open download; no licence stated by the host (Energy Research Clearing House / Texaco origin),,unclear,unclear,unclear,unclear,unclear,unstated,open-download,https://www.seismicrocks.com/tealsouth.html,yes,3,"1999 vintage converted-wave CCP gathers, both horizontal components. Host warns the P-S amplitudes seem unreliable - do not use for quantitative AVO without your own QC."
teal-south,Teal South - phase 2 P-Z CMP gathers,US,"Gulf of Mexico, Eugene Island Block 354",pre-stack gather (CDP),pre-stack,unmigrated,TS-104546-phase2-pz-1.zip; TS-104547-phase2-pz-2.zip,"SEG-Y (big-endian), zipped",3503674124,3.50 GB,HEAD,2,,,no,,,,,Open download; no licence stated by the host (Energy Research Clearing House / Texaco origin),,unclear,unclear,unclear,unclear,unclear,unstated,open-download,https://www.seismicrocks.com/tealsouth.html,yes,3,"April 1999 monitor survey, P-Z (hydrophone + vertical geophone summed). Pairs with the 1997 baseline below for 4D work."
teal-south,Teal South - phase 1 P-Z CMP gathers (1997 baseline),US,"Gulf of Mexico, Eugene Island Block 354",pre-stack gather (CDP),pre-stack,unmigrated,TS-104544-phase1-pz.zip,"SEG-Y (big-endian), zipped",1933763193,1.93 GB,HEAD,1,,,no,,,,,Open download; no licence stated by the host (Energy Research Clearing House / Texaco origin),,unclear,unclear,unclear,unclear,unclear,unstated,open-download,https://www.seismicrocks.com/tealsouth.html,yes,3,"July 1997 BASELINE survey. This plus the phase-2 P-Z rows is the 4D pair - a genuine open time-lapse pre-stack dataset, which is rare."
teal-south,Teal South - phase 1 P-S CCP gathers (c1+c2),US,"Gulf of Mexico, Eugene Island Block 354",pre-stack gather (CDP),pre-stack,unmigrated,TS-103685-phase1-c1.zip; TS-103686-phase1-c2.zip,"SEG-Y (big-endian), zipped",2416935870,2.42 GB,HEAD,2,,,no,,,,,Open download; no licence stated by the host (Energy Research Clearing House / Texaco origin),,unclear,unclear,unclear,unclear,unclear,unstated,open-download,https://www.seismicrocks.com/tealsouth.html,yes,3,"1997 baseline converted-wave CCP gathers, both horizontal components."
teal-south,Teal South - stacks and migrations (all vintages),US,"Gulf of Mexico, Eugene Island Block 354",full stack,post-stack,time,TS-1037*.sgy; TS-10454*.sgy,SEG-Y (big-endian),2529417620,2.53 GB,HEAD,19,,,no,,,,,Open download; no licence stated by the host (Energy Research Clearing House / Texaco origin),,unclear,unclear,unclear,unclear,unclear,unstated,open-download,https://www.seismicrocks.com/tealsouth.html,yes,4,"ROLLUP of 19 unzipped .sgy volumes - final stacks, final migrations and MATCHED migrations for both phases, P-Z, c1, c2 and radial. The matched pairs are the ones to use for 4D difference work, because they were processed to be comparable across vintages. Do not double-count with the gather rows."
teal-south,"Teal South - wells, VSP and survey records",US,"Gulf of Mexico, Eugene Island Block 354",well logs,ancillary,,TealSouth_WellLogs.zip; TealSouth_ApacheWellLogs.zip; TealSouth_VSP.zip; TealSouth_DirectionalSurveysWithSideTracks.zip; TealSouth_Bits.zip; TealSouth_Phase2-Tape-LogsAndNotes.zip,"mixed (LAS, SEG-Y, documents), zipped",19310938,19.31 MB,HEAD,6,,,no,,,,well logs; VSP; directional surveys with sidetracks; bit records; tape logs and observer notes,Open download; no licence stated by the host (Energy Research Clearing House / Texaco origin),,unclear,unclear,unclear,unclear,unclear,unstated,open-download,https://www.seismicrocks.com/tealsouth.html,yes,3,Tiny but disproportionately valuable - a VSP AND directional surveys AND observer notes alongside a 4D/4C survey is a combination almost no open dataset offers. Plus 32.75 MB of reference papers under tealsouth/refs/.
oz-yilmaz-40,Oz Yilmaz 40 shot gathers - SEG-Y,MULTI,various worldwide,pre-stack gather (shot),pre-stack,unmigrated,oz.forty.sgy.tgz,"SEG-Y little-endian, tar.gz",15455217,15.46 MB,HEAD,1,40 shot records,,no,,,,,No formal licence; acknowledge Oz Yilmaz and SEG (originally released by Western Geophysical),,unclear,unclear,yes,unclear,unclear,licence-text,open-download,https://www.seismicrocks.com/oz40.html,yes,4,"The teaching set behind Yilmaz's Seismic Data Analysis. Both SEG wiki-listed routes to this data are broken (cwp.mines.edu 403 / www host DNS failure; Stanford SEP data-library path now redirects to a DokuWiki home page). seismicrocks.com is the live host. Tiny, diverse and fully pre-stack - an unusually good smoke-test corpus for processing code."
oz-yilmaz-40,Oz Yilmaz 40 shot gathers - Seismic Unix,MULTI,various worldwide,pre-stack gather (shot),pre-stack,unmigrated,oz.forty.su.tgz,"Seismic Unix (.su) little-endian, tar.gz",15618506,15.62 MB,HEAD,1,40 shot records,,no,,,,,No formal licence; acknowledge Oz Yilmaz and SEG (originally released by Western Geophysical),,unclear,unclear,yes,unclear,unclear,licence-text,open-download,https://www.seismicrocks.com/oz40.html,yes,4,Same 40 records in SU format. Big-endian copies are on the Seismic Unix wiki via nextcloud.seismic-unix.org; a Madagascar SConstruct for RSF conversion is in github.com/ahay/src under book/data/oz/gathers.
oz-yilmaz-40,Oz Yilmaz 40 shot gathers - display images,MULTI,various worldwide,report,ancillary,,oz40-images.tgz,"images, tar.gz",2291205,2.29 MB,HEAD,1,,,no,,,,per-shot display images,No formal licence; acknowledge Oz Yilmaz and SEG (originally released by Western Geophysical),,unclear,unclear,yes,unclear,unclear,licence-text,open-download,https://www.seismicrocks.com/oz40.html,yes,2,Reference displays for each shot - useful to check your own plotting/gain against.
